year,FIRE,RTC,SSC
2015,313.30372492836676,223.45274212368727,273.1580547112462
2016,310.92900341835394,218.62336354481369,273.8205128205128
2017,314.2570966997461,220.54517766497463,265.5346181299072
2018,323.55395683453236,237.09344894026975,276.7758716
2019,322.89658095507207,231.69520225776105,273.1045751633987
2020,314.24959871589084,230.69887640449437,263.00067476383265
2021,323.8706231454006,227.17369477911646,272.2981546
2022,334.7037131882202,237.52094717668487,265.47305389221555
